{
	"title": "Aplicación transaccional de Superandes Uniandes",
	"frameH": 800,
	"frameW": 1200,
	"bannerPath": "./src/main/resources/config/logo.png",
	"menuBar":
	[
		{ "menuTitle": "Mostrar",
		  "options":
			[
				{
					"label": "Sucursales",
					"event": "mostrarSucursales"
				},
				{
					"label": "Proveedores",
					"event": "mostrarProveedores"
				},
				{
					"label": "Categorias",
					"event": "mostrarCategorias"
				},
				{
					"label": "Tipo Productos",
					"event": "mostrarTipoProductos"
				},
				{
					"label": "Productos",
					"event": "mostrarProductos"
				}
			]
		},
		{ "menuTitle": "Registrar",
		  "options":
			[
				{
					"label": "Proveedor",
					"event": "registrarProveedor"
				},
				{
					"label": "Categoria",
					"event": "registrarCategoria"
				},
				{
					"label": "Producto",
					"event": "registrarProducto"
				},
				{
					"label": "Producto en una sucursal",
					"event": "registrarProductoEnSucursal"
				},
				{
					"label": "Cliente",
					"event": "registrarCliente"
				},
				{
					"label": "Sucursal",
					"event": "registrarSucursal"
				},
				{
					"label": "Bodega a sucursal",
					"event": "registrarBodegaASucursal"
				},
				{
					"label": "Estante en una sucursal",
					"event": "registrarEstanteASucursal"
				},
				{
					"label": "Pedido",
					"event": "registrarPedido"
				},
				{
					"label": "Llegada pedido",
					"event": "registrarLlegadaPedido"
				},
				{
					"label": "Venta",
					"event": "registrarVenta"
				},
				{
					"label": "Promocion",
					"event": "registrarPromocion"
				},
				{
					"label": "Carrito de compras a sucursal",
					"event": "registrarCarritoSucursal"
				}
			]
		},
		{ "menuTitle": "Consultar",
		  "options":
			[
				{
					"label": "Dinero recolectado sucursales",
					"event": "consultarDineroRecolectadoSucursales"
				},
				{
					"label": "Indice ocupacion estantes y bodegas de una sucursal",
					"event": "consultarIndiceOcupacionEstanteYBodegasSucursal"
				},
				{
					"label": "Compras a proveedores",
					"event": "consultarComprasProveedores"
				},
				{
					"label": "Ventas a un usuario en rango de fechas",
					"event": "consultarVentasUsuarioEnRango"
				},
				{	
					"label": "Analizar operacion de Superandes",
					"event": "consultarOperacion"
				},
				{
					"label": "Encontrar clientes frecuentes",
					"event": "consultarClientesFrecuentes"
				},
				{
					"label": "Consultar consumo como cliente",
					"event": "consultarConsumoComoCliente"
				},
				{
					"label": "Consultar consumo como administrador",
					"event": "consultarConsumoComoAdministrador"
				},
				{
					"label": "Consultar consumo como gerente",
					"event": "consultarConsumoComoGerente"
				},
				{
					"label": "Consultar NO consumo como administrador",
					"event": "consultarNoConsumoComoAdministrador"
				},
				{
					"label": "Consultar NO consumo como gerente",
					"event": "consultarNoConsumoComoGerente"
				},
				{
					"label": "Consultar funcionamiento",
					"event": "consultarFuncionamiento"
				},
				{
					"label": "Consultar buenos clientes (Compran al menos una vez al mes)",
					"event": "consultarBuenosClientes"
				},
				{
					"label": "Consultar buenos clientes (Compran al menos un producto costoso)",
					"event": "consultarBuenosClientesV2"
				},
				{
					"label": "Consultar buenos clientes (Compran siempre productos de tecnología o herramientas)",
					"event": "consultarBuenosClientesV3"
				}
			]
		},
		{ "menuTitle":"Carrito de compras",
			"options":
			[
				{
					"label": "Solicitar carrito de compras",
					"event": "crearCarritoDeCompras"
				}
			]
			
		},
		{ "menuTitle": "Mantenimiento",
		  "options":
			[
				{
					"label": "Mostrar log Superandes",
					"event": "mostrarLogSuperandes"
				},
				{
					"label": "Mostrar log datanucleus",
					"event": "mostrarLogDatanuecleus"
				},
				{
					"label": "Limpiar log de Superandes",
					"event": "limpiarLogSuperandes"
				},
				{
					"label": "Limpiar log de datanucleus",
					"event": "limpiarLogDatanucleus"
				},
				{
					"label": "Limpiar Base de Datos",
					"event": "limpiarBD"
				}
			]
		}	
				
		
	]
}
	